genotype,axon_length,axon_branches
A,327.2641378159127,3
A,405.42812469241454,9
A,342.2359339601506,5
A,410.63113345433214,7
A,416.1344255843249,5
A,322.5709705469928,1
A,531.0561813610227,4
A,422.68160200818386,3
A,493.4754027433327,2
A,308.67433378422106,7
A,416.3598334883741,3
A,454.5418754252804,2
A,378.1834934713834,4
A,395.7410419116877,2
A,339.2630720328067,6
A,343.1695588134134,5
A,349.7257167647373,0
A,350.15996611481194,3
A,348.8652309066001,2
A,382.41781600613723,4
A,372.1239440739376,3
A,517.5668587687419,3
A,466.35714738273043,7
A,345.5182171128206,4
A,356.50943057988997,4
A,428.1115842144001,4
A,448.20692211124157,2
A,412.0225669691539,3
A,467.8026495850017,3
A,443.5552817881835,2
A,357.14697901710326,3
A,416.38091319590006,2
A,407.75337108470507,2
A,417.6634837714911,2
A,386.9735777296009,5
A,383.90693331702965,2
A,365.8687315010282,8
A,421.09756913142354,2
A,459.0378675294916,4
A,403.5849800916383,8
A,358.8118639391076,6
A,432.57955214086127,3
A,358.54459583712185,6
A,352.81841123400346,8
A,346.93587893050284,2
A,387.50468336319966,4
A,364.6416581686652,10
A,373.9951869300334,2
A,430.2376374701225,3
A,389.1135830441084,5
A,352.66530412844173,6
A,414.83810134219704,5
A,485.3010647320507,3
A,420.3389791266374,6
A,435.6100920683511,3
A,468.10867314935325,2
A,287.0504320778237,3
A,347.93622189548114,2
A,409.17312714440635,5
A,370.64284683913695,6
A,386.4253949639035,5
A,336.12894229606206,3
A,457.41352490521683,1
A,491.06812300229643,2
A,386.8498225165808,5
A,363.6686337276666,1
A,361.8534873678054,7
A,381.2190695063181,7
A,444.10601981257173,2
A,436.69877584975524,3
A,411.9084034965005,2
A,514.4692658411767,5
A,362.2366114418272,7
A,398.3199276376419,0
A,408.4686341090614,6
A,383.2049527042338,3
A,493.94472031336227,2
A,421.83533880867066,3
A,472.67303206208277,4
A,428.20724811680674,5
A,436.8745660767954,6
A,401.41555105361374,3
A,421.36833973273883,7
A,389.9860402154405,4
A,354.5585312751148,2
A,445.1748735953022,2
A,353.7894557475925,3
A,403.11161749347326,9
A,370.5656211627374,1
A,334.0368036232949,4
A,405.12455821603396,3
A,387.2412939798216,3
A,313.42261065620767,2
A,467.9924327507722,4
A,378.18123161418043,5
A,394.9362721712573,2
A,443.81791993950765,5
A,440.97883809297036,1
A,506.95319468610546,2
A,467.1969536936433,4
A,367.01528169714175,7
A,426.7279674502885,4
A,362.9976787818812,3
A,414.6450545028248,1
A,409.4385074000946,6
A,435.82551710881035,1
A,455.0647829846902,4
A,527.4260221287005,3
A,381.3256303992537,3
A,462.2491961190097,4
A,252.67606481093654,0
A,324.74833986056774,0
A,462.42680247845215,3
A,403.24046292024684,3
A,434.42020646123746,5
A,418.0719926762535,5
A,459.5982818636668,4
A,391.72939113023233,3
A,366.54993802401975,5
A,442.59478701345716,6
A,267.2832910632984,3
A,476.82293283703734,3
A,411.5770019674523,4
A,394.38479533716304,3
A,364.5877284743932,4
A,352.4949099781543,6
A,336.7848205558057,6
A,346.7340158882819,4
A,386.4165640879281,5
A,379.5235813965602,2
A,407.02521069752333,5
A,310.72362071591874,1
A,498.1642342121844,6
A,302.98299150850403,6
A,375.78432548234593,2
A,447.49060684779477,4
A,428.66234212127085,5
A,407.3694190356135,2
A,409.32170130256515,2
A,416.72997029453643,3
A,358.18925535599016,4
A,393.5696367396682,3
A,388.6112646178577,4
A,496.1483502569525,6
A,324.85233776226846,4
A,432.8820444820739,7
A,413.6494289290542,5
A,388.0372974106293,10
A,408.69333543926916,0
A,459.2609450909309,2
A,492.90134736058206,4
A,406.8114548132144,4
A,390.1059474547295,5
A,393.78112815123484,7
A,422.2552127284763,2
A,513.539847700821,4
A,320.01889598342126,3
A,381.3129888566853,2
A,282.09674541719016,1
A,336.4942392297879,2
A,425.198078926765,8
A,419.12900584282187,0
A,496.23464153856804,4
A,420.8535408925192,3
A,411.6166846591432,5
A,489.78177684706867,4
A,373.22830966821823,8
A,380.37584116168057,5
A,319.0101024918622,3
A,429.4934488874023,3
A,444.53469989402146,4
A,518.8839848751112,2
A,439.820440438494,9
A,310.87734503036046,4
A,310.6961588129826,2
A,414.31424338290986,1
A,411.3848326704225,6
A,338.34615550893545,2
A,475.78982949200486,1
A,445.83702419801176,3
A,494.50906186505847,5
A,370.63521108421696,3
A,451.9962069608665,5
A,377.08218168148454,2
A,415.8208375404125,3
A,457.29632159236166,6
A,427.75660297139456,3
A,404.26263632659527,2
A,371.5075057268417,5
A,330.96054804266674,6
A,483.3244328426786,3
A,453.50548087332845,3
A,369.24772211694506,4
A,370.65843379276794,3
A,404.8582327913118,6
A,400.784178282825,4
A,416.0315154430653,7
A,400.3922617264017,1
A,360.5669420050797,3
A,453.3967684107053,5
A,366.25622161562023,5
A,360.95591046679647,5
A,439.4461490190191,2
A,440.17404070807413,5
A,339.10229007945696,8
A,279.00886321516,4
A,463.7137135306313,2
A,348.3566594055191,2
A,452.9744335164794,3
A,286.7248514962844,6
A,459.0943853497471,2
A,422.45973181756614,7
A,410.60018308706,2
A,454.1069783315935,4
A,464.17038165136404,5
A,321.8499755516255,3
A,409.10668470965487,4
A,300.1276774713609,2
A,418.3973306419342,5
A,457.82154874596506,3
A,372.6068675586937,3
A,375.5679211028621,1
A,323.57665511690504,6
A,383.5155379484806,5
A,399.4065111543805,3
A,424.9735948841165,3
A,369.08375151180894,1
A,352.43044716435014,8
A,416.39405662924287,3
A,365.413000566844,7
A,354.21121644877843,2
A,397.3273094262441,2
A,418.94895288430615,3
A,312.25278135045363,5
A,476.9996670706756,5
A,412.73480868085295,5
A,360.6710285851146,3
A,373.113824990365,2
A,501.9038848903576,2
A,420.8872302505639,3
A,360.4165389500504,6
A,432.1015424782192,4
A,433.7019543180295,9
A,431.52076054753945,5
A,394.63880655437106,5
A,471.65952404055884,6
A,366.06649288698287,4
A,501.2752217012333,4
A,360.650926813372,6
A,400.4142100286209,7
A,350.44990076756346,4
A,369.1045862826534,1
A,383.62394780450194,8
A,346.40346015688823,5
A,358.67483087842004,2
A,419.62531751609447,2
A,329.0240330434313,5
A,392.4479254345615,5
A,418.57837564761525,5
A,276.78252359841497,3
A,431.82866302103554,5
A,422.2787702639584,6
A,397.4892031713172,4
A,388.97395137261924,4
A,348.73863331988076,3
A,434.4871796420372,3
A,391.2861297957097,2
A,526.2195395080158,3
A,326.630919501617,6
A,356.50588672935,6
A,406.086671164283,3
A,363.05820451474375,4
A,455.7232072857972,4
A,493.68470164988594,2
A,387.3944804850843,3
A,360.87739160967084,2
A,397.33621602720524,1
A,445.07358843853893,6
A,355.18192865027413,3
A,381.2172890635298,3
A,466.44802536681266,5
A,386.5650140498186,4
A,439.71035419253843,3
A,440.4125818308052,3
A,339.48416195787956,5
A,441.8397162602093,4
A,365.54235463417854,6
A,491.0865894329488,2
A,406.6222262576013,6
A,419.488169296294,4
A,411.1492478509478,7
A,371.0128916923604,1
A,397.3795278230759,4
A,366.06414619280633,7
A,395.2268228701311,3
A,470.53108102699173,5
A,330.4537642298017,1
A,448.32632020779954,4
A,330.3828665710279,2
A,398.6407639392719,4
A,473.2324692953575,5
A,411.55620811008913,5
A,450.52244436143974,3
A,364.2901580994453,4
A,383.3876060065785,1
A,433.22365091814316,1
A,378.09268734248076,3
A,452.9307205228991,2
A,456.19459160336686,6
A,443.2822518437359,5
A,403.85689888997433,6
A,339.05675423564935,2
A,384.1039603964088,7
A,478.97801171467603,1
A,404.9954250246967,7
A,526.2381089514186,1
A,366.7556856189452,5
A,390.60384442424623,2
A,366.5963422842472,4
A,401.9090113989207,4
A,416.2621160137039,3
A,398.0773470905393,1
A,472.6390778953537,2
A,374.1887414797163,0
A,452.8869966665895,9
A,399.42364587067544,2
A,343.2595641142142,1
A,261.90540502419276,1
A,367.358721768631,3
A,393.24426196329836,2
A,371.17851159169186,5
A,391.63759357926295,3
A,431.675782228578,2
A,315.9377977859177,5
A,469.46256169883844,2
A,434.1877280541884,2
A,362.76023966869474,2
A,261.496852794831,3
A,432.026471962702,5
A,414.4589171213955,4
A,409.08133309480485,1
A,540.6948576232392,1
A,419.40499779308306,4
A,380.5543952102438,3
A,371.0681210535754,5
A,410.9926631039632,3
A,358.7118300397184,8
A,532.6202206193519,5
A,450.40426441491184,3
A,367.8727609496208,5
A,478.5241972691766,5
A,364.8504509488893,7
A,493.16602021995726,9
A,412.85047604426893,7
A,374.2453759141186,4
A,435.02075584310006,9
A,398.4172955477719,3
A,356.89634367951646,1
A,366.78988267141824,4
A,354.1398551445461,2
A,489.5266879899702,4
A,385.67318143259763,2
A,369.2650762568627,3
A,327.152853290015,10
A,372.4919626563897,5
A,398.7500439041676,9
A,328.10615429015604,5
A,364.3269262188988,5
A,390.84326272822307,6
A,463.7789950839231,4
A,433.52208993705597,0
A,407.36414049788544,4
A,420.252715228197,9
A,428.0711622470044,6
A,362.6394743784701,3
A,330.45790332545175,4
A,281.1830133903837,3
A,351.3834562422183,4
A,458.17090455375944,5
A,390.4127119881676,8
A,414.1971691751272,4
A,394.42492403951115,4
A,364.63212304150807,2
A,341.68061180293506,3
A,388.7307699723136,6
A,363.37890503083844,5
A,444.12331419361306,4
A,414.32238499482486,1
A,418.6501388795587,3
A,395.14035945118985,1
A,410.9891662163789,7
A,476.8834835703056,2
A,408.8435635493838,5
A,420.7441504776743,4
A,433.019408828313,4
A,309.5863927746348,4
A,423.05240007182033,3
A,370.6628166856085,3
A,403.6034696342715,4
A,369.5425366487012,4
A,492.64103104800154,4
A,364.03741711684694,4
A,441.91084396034967,2
A,458.4878377805269,7
A,420.7792953830494,7
A,370.23814484737994,7
A,485.5817038192447,2
A,338.43584391119015,3
A,438.4998604688128,5
A,373.2493519029207,5
A,451.21406366566015,3
A,454.37006968048706,5
A,429.68159811525743,3
A,435.73473156170996,2
A,480.33768073622394,4
A,335.35184076785276,8
A,421.3365054369794,7
A,440.2103384084566,4
A,334.02452089418125,5
A,320.69457128442457,6
A,429.7450298331488,1
A,391.98827472562766,2
A,496.29415927278944,6
A,454.09777790714116,3
A,397.3145531526086,8
A,402.6273739637308,4
A,451.8996880005074,4
A,373.376252611816,5
A,391.41759656670143,5
A,487.96110388040523,3
A,460.1656402440254,4
A,450.29215278493973,6
A,378.8246731235238,4
A,349.0397507406817,4
A,313.09281796996413,6
A,461.5910678372593,4
A,408.8587410731279,5
A,404.69469424028426,3
A,408.80361562164245,4
A,447.34488571859634,2
A,422.290086946653,7
A,432.7260480510811,1
A,484.46448743098614,3
A,366.5578089908621,5
A,376.7695321312416,2
A,411.45289985311945,4
A,385.3700508774465,10
A,457.2091379880105,4
A,353.95384509178416,2
A,313.1607061649275,2
A,353.02929391154527,3
A,336.7197666185437,2
A,401.1946168222886,8
A,313.999572810765,2
A,428.14018136638634,3
A,480.452445644579,5
A,468.2303600927553,3
A,461.1368680448588,2
A,399.5864810761462,6
A,479.87498362125365,3
A,279.3185461457209,4
A,404.94229026118796,4
A,377.98722141985445,5
A,366.3824656394993,4
A,397.7222320620629,1
A,382.5721830994007,1
A,416.95806612180695,6
A,373.1775568229984,1
A,377.3112341508947,7
A,378.2221048654251,3
A,392.70708063767074,2
A,399.8620793844327,3
A,417.74229961712655,4
A,317.75474101644147,3
A,502.1372824023425,6
A,444.2379236280357,3
A,273.163534093243,6
A,349.8420980533949,7
A,431.9174912220432,3
A,441.8780648824834,3
A,308.7948636423938,2
A,286.1532244110623,5
A,325.8046209045925,5
A,279.9962990270594,2
A,399.3996805569573,8
A,321.2175149551446,1
A,435.85113976988146,4
A,347.9582021009706,4
A,386.5537336979873,3
A,426.7569783319224,5
A,363.8189819397554,1
A,439.34633643357,4
A,369.20747023217945,4
A,450.7320620951734,6
A,411.1608485860431,3
A,358.6634141089286,2
A,494.86038404351945,5
A,332.34383497703305,3
A,388.22737707089914,6
A,378.1791640210017,0
A,395.26812861319206,2
A,485.7087824516688,5
A,421.0707963893905,7
A,383.2356576173998,7
A,394.81406280706284,5
A,365.07483174821925,1
A,307.3749144477542,6
A,307.5430805458776,6
A,400.96926610920116,2
A,386.11954969053477,2
A,405.76761883193313,1
A,361.882263082682,2
A,464.63497382508484,6
A,381.4525374302848,4
A,426.9619200801045,4
A,383.2254972170503,6
A,484.1455036802124,6
A,438.2677664992977,3
A,362.65379677922857,4
A,354.4780632856932,6
A,308.6273496468473,5
A,364.7037042128275,3
A,449.49260217403696,3
A,438.2553902039395,2
A,338.62880057311355,3
A,416.7527137444441,1
A,340.4862358616088,1
A,433.3940576183137,4
A,373.1322639995186,8
A,423.9546035240206,5
A,469.7702805615203,8
A,441.3789153910356,7
A,357.7209498760404,4
A,464.56840366024016,3
A,376.16252855342333,3
A,430.56070538611465,6
A,400.2170121773983,2
A,408.5873220942964,2
A,418.63572836365506,6
A,391.1865105584306,5
A,547.8638191737064,2
A,474.6341793066035,5
A,359.9534558806105,2
A,433.28253984510883,6
A,397.51396935295105,2
A,427.7632765571701,1
A,434.2331344601067,5
A,433.47352288259,7
A,293.5975267145618,2
A,466.77392185134,3
A,355.53870621374966,1
A,425.67998255566425,6
A,464.39086093924055,3
A,402.6295128349828,6
A,366.05001104574893,10
A,331.6147504611431,6
A,421.085221059459,5
A,496.7747661347837,5
A,433.9781658192624,3
A,368.69298495227497,3
A,418.72833298087556,3
A,451.17663455999866,6
A,395.87724098776516,7
A,396.3369885426487,7
A,446.7645100383144,5
A,401.99757827636745,3
A,309.20841385810763,1
A,375.5663487964782,6
A,436.431529523128,9
A,395.29613970255866,8
A,433.417698390334,10
A,448.02048749598674,3
A,370.6802812559962,3
A,381.2752652402579,6
A,404.5773510240006,6
A,341.35453134943987,1
A,386.4713996815313,3
A,300.51360873098116,4
A,412.09678002025237,3
A,431.6541154173318,3
A,377.08692402902,7
A,353.19830288561246,5
A,376.96512114004884,7
A,388.12094559606777,6
A,430.0645372343256,2
A,343.8867996241528,2
A,366.111556773772,4
A,315.8875741045663,5
A,449.4701673110626,2
A,381.99104394070395,7
A,409.55676743286455,0
A,411.4263155652616,4
A,345.70128769085153,3
A,518.7826223195141,4
A,439.50024797085126,3
A,424.71029653074254,7
A,411.9879241918,1
A,411.9268637735374,3
A,401.355438770945,4
A,390.02761193094057,4
A,381.76229499816674,2
A,399.26943932114983,4
A,335.6196222374169,1
A,421.62535921641523,1
A,386.7508930273592,5
A,295.65482917736904,6
A,402.00963405355515,4
A,355.9659596023511,3
A,332.19151384934554,4
A,431.60903172152223,4
A,416.29764128239395,5
A,369.55028765114963,4
A,354.4869062923141,8
A,390.0625020194145,5
A,342.6033027167092,3
A,351.04849492864884,2
A,329.1725567847268,1
A,347.2654652058653,1
A,375.0531520727549,1
A,429.57975897462904,11
A,413.3342204526972,2
A,370.758021189916,3
A,560.4734200282749,4
A,423.4466662099671,1
A,389.98345481830046,9
A,375.5960067645149,5
A,374.7133179288281,3
A,422.99035466455973,3
A,343.9430375882994,4
A,462.74916773831154,4
A,366.3334742613298,2
A,386.8332358458455,4
A,353.3368128033632,4
A,318.80336671352444,4
A,411.21752302334846,4
A,351.1859368444832,2
A,271.97530327006825,6
A,433.1805940861344,8
A,383.3269777877614,5
A,340.19496115048145,2
A,442.0114828491424,6
A,507.9172872487883,1
A,291.7957311263543,4
A,361.27455293535957,6
A,317.9024746013188,5
A,309.1985967428631,4
A,359.8633912692443,1
A,480.6319316888628,5
A,306.420212306867,3
A,359.1852453725296,2
A,400.9671272611484,3
A,411.06574565897773,5
A,384.7092667890217,3
A,373.3619344392781,3
A,318.41425990941536,6
A,390.0278494826292,3
A,333.9794631916235,2
A,348.36818923372095,6
A,476.393547683263,3
A,367.76297627816183,1
A,370.6208090308983,4
A,351.66457440287155,4
A,427.3481005705604,3
A,375.50801150256535,2
A,484.4569483674943,2
A,463.0473858874075,4
A,381.80445079757516,6
A,453.15019842436556,5
A,435.79427388951035,6
A,417.3766776788113,5
A,363.9373225677217,4
A,413.4751427562168,3
A,332.4714058971438,4
A,381.9465187742522,4
A,381.36137172172346,9
A,408.0480783412939,5
A,380.48065495592385,4
A,422.1024438801488,5
A,382.78136732916727,0
A,439.9246474881853,2
A,366.9894343091226,4
A,482.2354775420434,4
A,392.3517585202187,1
A,451.6901221772967,4
A,353.29564546619287,3
A,458.9487298598227,5
A,370.89508989336036,6
A,372.35876639752365,2
A,393.0971914879534,6
A,423.1717857908837,7
A,372.74209391248934,3
A,388.48602922427614,7
A,479.2477450458771,2
A,362.6633811573086,3
A,317.2340326725925,1
A,460.3620184630119,4
A,390.7728954748062,4
A,328.9582330556656,3
A,351.57388539839724,5
A,408.8865465448851,3
A,445.93754005477996,3
A,383.8922871309126,4
A,315.46708800009486,4
A,397.9623382342156,3
A,380.0422877044723,4
A,458.23773623332164,1
A,433.0134304904753,3
A,416.4428508573714,3
A,478.2264828742435,1
A,378.410868990787,5
A,458.06696329769414,3
A,383.3223245059751,3
A,316.6618729885138,5
A,506.863912669653,4
A,309.6526677532802,2
A,360.56397064883816,3
A,379.54456253174095,3
A,430.39739328104713,4
A,399.18008041397667,6
A,362.76508325898715,1
A,443.75178481859075,3
A,376.00266574451405,7
A,479.07877383721166,6
A,344.2316007437573,2
A,481.3021380709942,7
A,419.132011480452,2
A,508.72554548877554,3
A,358.7126759811863,2
A,435.0786119438836,1
A,476.82579757978897,4
A,356.9029324872755,6
A,384.346980835862,3
A,422.9027387782936,4
A,399.76379829549865,6
A,473.76975245459636,1
A,371.8976516395016,4
A,421.957280863104,6
A,344.8925699714938,1
A,474.9764289160044,1
A,448.19216586226685,3
A,465.5632993780341,5
A,335.24835473446353,4
A,414.1262021180774,8
A,448.1292160213059,0
A,410.60042031478844,3
A,348.76387784840637,6
A,458.89572555426656,5
A,301.68301265197636,1
A,394.16330219310294,4
A,465.7647648060263,3
A,380.30143380143915,3
A,353.1588096790048,5
A,403.6496046909249,3
A,398.0373086778153,5
A,386.24926076934696,9
A,323.54835602762853,3
A,297.4524911663033,6
A,468.38017205757814,0
A,397.7027814348123,5
A,365.1414413292814,10
A,450.71472332343495,8
A,397.4546286657341,7
A,461.4480855904892,2
A,435.3125370919657,1
A,316.88099568936127,5
A,391.0155897682964,4
A,423.55668882925016,1
A,419.992906597398,5
A,468.09214422968336,6
A,396.68442986815194,7
A,351.06535168900604,3
A,345.8876848597602,6
A,323.6510081434413,4
A,387.14339513317594,3
A,453.9797055115946,7
A,378.1493006796344,2
A,366.35109155173967,3
A,401.2723391506696,2
A,337.79426864713474,5
A,395.10170288471784,4
A,385.1492401660273,4
A,381.42376544197447,5
A,341.5403041875891,4
A,335.13456530197044,7
A,380.8440943525354,0
A,438.37161420416675,8
A,483.3343534662226,5
A,456.64872245936687,4
A,348.11207728427826,4
A,459.5786303846346,6
A,515.2417668888786,2
A,365.0419420147859,0
A,460.76967285560625,4
A,386.4049079924651,2
A,386.02895369818816,1
A,438.0625644865933,4
A,392.0485021348255,2
A,442.6238393153214,5
A,380.58679532203547,8
A,404.24897816516545,1
A,444.77810095439247,3
A,327.210053969719,6
A,413.98521250689566,3
A,446.58636259021085,3
A,413.4069289899741,8
A,437.30072239520047,0
A,369.4415516779151,7
A,320.7523797771638,2
A,344.6888472689293,5
A,426.38177937350713,6
A,333.7864787422867,8
A,493.6459723599949,3
A,427.39724505746386,5
A,275.1731121555169,4
A,382.5005256872656,5
A,405.09959285346207,8
A,504.6495581697199,6
A,402.14340780824284,2
A,344.13854909290177,4
A,388.352285182354,5
A,354.0133427791718,2
A,409.6753392175406,6
A,398.0597167691131,2
A,427.6635574822982,6
A,365.1912337380899,9
A,426.8829908785066,4
A,384.63875485737935,6
A,531.4518223435941,1
A,339.71409870100655,4
A,354.7344036438603,2
A,337.6020865398117,2
A,397.46462933544757,3
A,375.1758498168666,3
A,440.30844912079334,4
A,474.32162920486155,3
A,345.1732781199608,6
A,309.6121164954436,3
A,354.1506735076516,6
A,343.5145715521108,2
A,497.7130759056688,5
A,319.2737982752361,4
A,350.93737268662136,1
A,394.6073045780838,2
A,374.9332939970416,2
A,403.17861700869673,4
A,434.0469512081281,10
A,377.7622743276682,2
A,327.40495978514343,3
A,431.2432622893438,5
A,399.0625606433105,8
A,416.4297188072021,5
A,408.6251333059573,2
A,408.19521539530086,5
A,418.7677860715324,7
A,391.5899448909618,5
A,407.8914003840714,2
A,452.65996755344963,4
A,395.2221822333868,2
A,399.87089846699195,4
A,368.8059883881664,1
A,426.3392864178303,4
A,425.34523631036524,6
A,440.85124344188785,5
A,287.7703708094651,5
A,486.89130780398705,5
A,408.6041387033283,2
A,427.4081109461165,5
A,333.6205193049613,3
A,499.2003827757641,2
A,386.35691159458133,4
A,327.9522369200339,3
A,467.6424965434148,8
A,355.5597349010149,5
A,405.9749128717585,5
A,445.52403023396715,2
A,424.1170598955173,2
A,430.15360395623793,5
A,330.7919569867266,3
A,437.24591723996207,5
A,457.449897630319,6
A,416.9699027878414,6
A,456.3116290462761,3
A,456.51798666690746,4
A,392.8591512789532,1
A,392.6012551743979,3
A,369.1467200391149,2
A,413.6142219527178,2
A,336.7060394213151,0
A,387.88804971206594,3
A,328.61061254769186,4
A,331.4524395623455,1
A,424.91275717748056,1
A,359.6232210380383,5
A,433.8668571556382,2
A,358.8469170483763,3
A,388.60006240591196,2
A,426.6461342224092,3
A,384.0420630221205,3
A,369.1823980427474,4
A,393.6052755067272,2
A,381.16558402067324,4
A,361.3956788684418,3
A,437.18647435537065,5
A,426.6585198468841,8
A,396.41004552761797,8
A,376.63548896494837,6
A,442.87687283756486,3
A,433.7335530352147,5
A,472.9888833545687,2
A,374.7721385250775,3
A,444.8632233857787,5
A,404.6284266737855,2
A,444.5392850999671,3
A,495.71292172380527,4
A,310.47136316383217,4
A,402.83958492912654,5
A,385.9734247212087,6
A,442.3113283155689,1
A,337.45144244316907,3
A,383.2672090108623,6
A,439.5811698804951,3
A,345.01302854333784,3
A,433.28892843269045,3
A,380.92173189909084,2
A,504.01978610476334,6
A,409.5641450441673,5
A,392.49207877070387,3
A,394.6905957205141,1
A,375.05245148819574,7
A,435.01047459281136,4
A,405.5689535948581,6
A,337.5986770291462,3
A,416.90575211701037,2
A,423.5958750859644,2
A,402.6732740198726,3
A,362.2594469793312,2
A,402.1066068414981,3
A,328.7072701602039,8
A,369.60239446122154,6
A,400.5724282007973,5
A,452.0854534604312,2
A,411.2017854203235,6
A,410.3302982035772,3
A,272.4606400313127,8
A,397.6243490472239,5
A,429.40463941600797,2
A,421.665655063068,5
A,345.40944472510705,4
A,409.3993196565436,7
A,360.4609568271229,4
A,510.3015106990388,1
A,469.8032272689318,8
A,473.56896192358903,3
A,410.75171628591033,5
A,537.7329289796053,6
A,324.00964365688367,4
A,300.53519695697383,2
A,427.7777879657686,2
A,410.7504135452633,4
A,318.38136713746707,4
A,396.8445101212024,4
A,300.1620210311596,4
A,314.82744753292724,4
A,385.7583147935985,2
A,458.602220784649,8
A,397.0401980003056,5
A,422.8007765315322,2
A,370.4413309029146,6
A,389.24623962691254,5
A,347.1884859153365,4
A,410.53142561806595,2
A,358.0152842708888,7
A,359.39481288167855,2
A,400.1187633741515,4
A,482.2862202562142,2
A,411.68098758964084,0
A,393.02461568224726,5
A,462.6294151034599,6
A,324.56149053468766,2
A,383.52881342541986,1
A,382.7269949468224,6
A,363.1840604511003,5
A,473.75967663416145,3
A,480.22135340957004,3
A,380.7227827375873,3
A,366.95608586428983,3
A,403.5343380816979,3
A,364.6487401198068,6
A,388.7042445607413,2
A,499.013245965215,3
A,361.6873619256786,14
A,393.42568263278383,4
A,349.6418203921346,5
A,374.0983778131652,7
A,488.98659232534857,6
A,331.79565909941283,4
A,478.2738994214183,3
A,330.39301414192613,4
A,359.5837221145748,5
A,376.781657357927,0
B,169.3240364653464,4
B,226.9362406653811,5
B,161.93271895932847,2
B,166.41669908175703,4
B,157.1655295585293,3
B,115.98780067260968,5
B,142.418752116515,2
B,222.09114845492732,4
B,167.83670276834965,5
B,254.73627181795638,8
B,209.06812843865023,5
B,230.68958887713552,2
B,222.94167255675808,5
B,151.88902385067286,2
B,120.52359466011754,3
B,237.01457481436478,1
B,179.57199659485025,4
B,118.48635444032176,2
B,202.921610349301,5
B,282.45817062432184,2
B,238.37049048949828,0
B,201.1871713105539,2
B,194.7218355138847,4
B,214.3721871297008,5
B,194.0569842487647,3
B,162.0358627479544,6
B,204.87473024296204,4
B,199.77237425358646,3
B,169.8495110752924,2
B,146.93815639035085,2
B,219.39505017746308,7
B,186.68442610754042,6
B,137.36672065355992,3
B,174.0480801946669,9
B,238.8896690736087,4
B,241.895573181935,2
B,269.17671108842126,8
B,293.61168717139526,4
B,146.78909429125648,2
B,251.33576725220883,4
B,241.97028127423525,1
B,150.8880560675724,4
B,201.43819978283173,5
B,307.35560126596795,1
B,102.887227076094,3
B,253.79182553232167,6
B,170.06360569624488,3
B,247.66174960727818,6
B,238.23731608733146,2
B,185.12108834654202,4
B,209.7382750382172,3
B,254.2364406113873,4
B,166.76708458598202,8
B,262.99545053877023,4
B,225.02053509998333,3
B,134.16189558082868,4
B,122.5796077116967,6
B,152.02145871220742,4
B,125.74682953263046,2
B,260.5232840022857,4
B,157.3365827835641,5
B,210.4668065847747,3
B,159.84537656400244,2
B,239.50747478344982,8
B,168.22017572103078,3
B,235.0517842196783,7
B,211.11632726463031,1
B,256.55902159283744,6
B,155.74430373879625,2
B,205.227364150975,3
B,240.75136282169234,1
B,131.2782302885284,6
B,195.95772784425128,7
B,245.80577172822697,7
B,200.95261694203919,2
B,110.73872040104986,4
B,229.65951061025794,6
B,177.9274364492647,5
B,197.16950050036561,4
B,301.3730054392799,3
B,172.70797887437948,7
B,187.28805276667782,1
B,179.64164934972302,6
B,129.6560105981415,6
B,197.7272271241387,3
B,170.8789793915563,1
B,187.97735458638175,9
B,222.37291033593942,1
B,196.9539655617937,5
B,217.3229677490216,2
B,195.9381636865997,9
B,228.5093085106735,2
B,194.79120071392896,4
B,170.4355238949484,3
B,199.28900128072374,2
B,202.58983580818045,6
B,152.46384252889794,3
B,220.4855050470546,8
B,221.02615659891717,6
B,204.01204201812652,2
B,139.77918486575504,6
B,203.48188339227224,5
B,161.50582970093922,5
B,129.88816336985582,1
B,147.36281516233475,6
B,196.89356432534444,6
B,154.61505360914995,6
B,207.15687663735557,4
B,126.41017069368637,3
B,229.7100343884775,6
B,285.6895081379091,3
B,229.4246450065735,4
B,191.43417579006712,2
B,279.3391688734794,5
B,281.59260279761236,5
B,64.45040229153972,4
B,134.41224180485807,2
B,236.25763236895384,2
B,176.91988272145943,1
B,223.64376732597245,6
B,197.86984088054166,6
B,240.34613251996782,2
B,223.55801460935413,3
B,177.22874409660184,7
B,135.0822730738273,4
B,176.32923263049824,6
B,133.93442069923537,4
B,221.76618378173708,5
B,142.85224392659077,5
B,180.6736883934815,5
B,189.58109455986923,1
B,228.14689445283062,3
B,281.937038588627,2
B,212.69652177638204,3
B,216.43181244882518,10
B,108.87440456407266,4
B,214.1759260724926,4
B,178.86842349589037,9
B,175.08551796124462,7
B,234.63330973010187,1
B,214.85407152792595,4
B,143.88988885512617,3
B,177.1171907979985,5
B,190.1572282368073,1
B,132.93701735759365,2
B,235.16843433445706,4
B,237.43704588782876,3
B,188.3390565787802,4
B,206.92651205034804,1
B,108.47474802745073,2
B,208.65302358416787,4
B,238.4779566118229,3
B,136.836007140095,4
B,175.75875166489982,5
B,205.62601564203035,6
B,263.46541453612804,10
B,135.99526838274232,10
B,236.66591056794908,5
B,173.46161095816552,7
B,230.71326036730045,3
B,127.67762466187978,4
B,235.17757605026344,2
B,240.64675935815188,5
B,192.531478560847,2
B,129.26951459909594,2
B,184.06921646094594,2
B,131.05385670559096,4
B,239.1467334314592,3
B,177.9721695518358,4
B,164.6926396937906,2
B,229.05059407798592,2
B,164.67161172277218,4
B,201.39175081643137,4
B,158.09175864106163,3
B,203.84477145740397,3
B,153.41702527522747,0
B,252.17967025864266,8
B,181.74960735427578,5
B,179.98470024684642,4
B,153.90019181653008,6
B,286.62110890165695,1
B,212.913568609748,3
B,153.44356169233822,3
B,171.92434209203975,3
B,159.10064267067344,5
B,183.06039219390985,1
B,162.1503489287498,4
B,223.45642451816272,4
B,167.56711009003965,3
B,188.1167825978539,5
B,124.9257448197953,2
B,159.04110025650112,1
B,215.3077116295923,3
B,186.28884570867646,2
B,106.30480782746987,6
B,199.93441518011994,6
B,260.0374047046497,3
B,230.7085318240593,5
B,142.21515609524022,6
B,138.29379875963332,2
B,168.05273250075442,4
B,189.6592991368184,4
B,150.93764038130195,2
B,108.4570221270282,4
B,178.22553381168382,3
B,277.5015776567593,3
B,195.91831063240915,1
B,186.60851811005827,0
B,219.94929212062416,8
B,141.0644307354332,4
B,215.99771489085106,8
B,197.42717787649775,2
B,183.21028540613923,4
B,211.17734477853065,5
B,165.988859204882,2
B,308.0426071462307,6
B,154.74440864027136,4
B,194.06156707695848,9
B,112.29733693337064,2
B,203.41546133027077,5
B,126.91134609043382,6
B,124.51992475896965,7
B,155.20505660378635,3
B,241.80537013527308,1
B,246.2105885730262,5
B,225.91656887260916,4
B,233.3498014450454,4
B,251.74132112397723,3
B,194.92864822426495,6
B,214.0983127153404,0
B,214.42746410972342,4
B,222.19035365139231,2
B,196.1387954886531,4
B,223.15146725481495,7
B,178.30534660552004,6
B,288.62288238262624,3
B,284.8563363262959,2
B,220.46243056657903,5
B,201.70557776042952,2
B,188.3904188094433,6
B,216.78949059678519,2
B,231.187291562572,6
B,96.10200610706919,5
B,210.05557660310055,2
B,226.49809431224557,1
B,202.72630688165256,4
B,192.12989461765034,1
B,158.44163894839218,1
B,204.7997630382194,6
B,187.88836171479187,2
B,229.50622330468025,6
B,90.39134983039396,1
B,250.13661827842537,1
B,310.94458574382276,3
B,136.5413386666715,1
B,304.76721787995973,5
B,165.26617577729306,4
B,224.33026585126842,8
B,143.26617531066023,4
B,189.84800829070204,2
B,230.2437924816199,2
B,198.9845999374772,5
B,188.1889075277879,9
B,274.66741898840064,6
B,251.26764983328346,2
B,147.08943541808378,2
B,237.43473384460307,7
B,196.0531959025964,2
B,252.48666079984034,3
B,239.29466344576923,5
B,227.92911282588744,7
B,273.53648656796184,4
B,139.81837624390027,4
B,204.80027019818922,5
B,142.81446533526616,2
B,156.69454716079795,4
B,178.84003729450347,5
B,249.04805986764813,3
B,227.35609921479082,7
B,239.37580414960894,3
B,202.5143188787309,1
B,267.4658266901751,3
B,267.03777701655395,6
B,223.33618970639642,5
B,285.21047895121353,4
B,143.78325017479077,9
B,274.7277438578344,0
B,148.7900470716838,7
B,198.30426612069826,4
B,229.23140384766623,5
B,223.7214130989767,4
B,200.6517504747122,6
B,203.27186714707935,4
B,234.6907542353863,4
B,237.45987270682915,3
B,233.32965663190498,1
B,182.93066259579012,4
B,222.04372524277977,2
B,195.4841607753929,7
B,152.43244100770556,7
B,208.82612226314893,4
B,214.0785122305282,3
B,190.46909466455492,4
B,193.8128797717951,4
B,212.86622646329826,5
B,181.02297246296467,3
B,150.98519565531632,5
B,203.8993223451642,2
B,250.02427997724521,3
B,261.94751993734207,0
B,107.57012900456033,3
B,251.19295741840037,3
B,186.23713116021926,3
B,236.58003010512417,1
B,257.39133683286144,1
B,182.89926619044425,6
B,206.47804568287202,2
B,105.69077109055928,7
B,156.9442155733698,3
B,194.0865682653993,6
B,247.68786109165612,6
B,162.77685210959567,2
B,301.4419421216454,4
B,184.37410655469884,9
B,219.55570796877345,5
B,190.30487389890095,4
B,182.41818788459813,3
B,184.3855369770379,4
B,200.4163528191944,5
B,140.86289777649148,2
B,148.72847009085086,1
B,273.58308812958256,2
B,229.92218378323443,6
B,284.39362871372646,1
B,243.1507717430925,1
B,156.44439804339333,5
B,264.8741213349521,5
B,231.75470136598966,3
B,110.02342108008489,3
B,248.09338529869424,2
B,173.31334578284103,2
B,141.52765222522387,3
B,200.65911142318996,4
B,197.1004570677264,2
B,243.33411983758293,7
B,112.97408782175712,2
B,203.22360946962823,3
B,165.55787789846687,5
B,261.45714208791895,7
B,212.26015444586693,8
B,308.0515960121194,3
B,276.6804754793753,2
B,163.87836091991966,4
B,324.6078497150108,3
B,272.19242922416333,5
B,113.27012244740168,3
B,164.93166547639504,5
B,213.48128767019438,4
B,251.52690822920187,4
B,172.69068178115842,0
B,160.29589065729803,7
B,79.5497093758694,3
B,167.85453805568352,4
B,115.79533067024421,6
B,175.78526873105292,4
B,279.6407454262005,3
B,130.45670502335165,4
B,174.5113520043684,8
B,252.88255769883722,4
B,269.232835333795,6
B,185.00293189963105,3
B,156.63617702943623,3
B,241.27455557466337,3
B,145.33783043665338,3
B,208.53230711000768,2
B,248.7291515139676,2
B,144.88019191296684,5
B,269.6209844842622,0
B,115.24417466874351,6
B,179.46967646327136,4
B,251.82103803572537,6
B,192.9928566904847,3
B,269.5485875982988,4
B,128.62553883679465,4
B,183.7305322653163,1
B,173.3368349407615,3
B,140.2104263509747,7
B,251.42434806824497,7
B,187.5160093227958,6
B,250.30656484267442,3
B,212.30086803949277,3
B,218.67279582522937,2
B,209.83333468235276,2
B,182.90594648351575,2
B,128.52573038512548,8
B,117.0694500694657,1
B,246.28183930951053,3
B,300.23551468623793,5
B,222.4175015099092,5
B,230.90355958387406,5
B,160.49798295110674,4
B,200.81233030393096,6
B,55.05799791902422,4
B,220.8792393559155,7
B,200.4429175846411,6
B,206.63911679021385,3
B,175.97095279926555,5
B,185.27158637577412,8
B,139.4490653947145,4
B,214.96412733060163,3
B,146.2493189883852,5
B,200.24305857857175,6
B,215.7895862228361,6
B,228.3061274250884,2
B,158.89582936321202,5
B,163.01269917947877,6
B,124.06473367448875,2
B,254.6142062493366,4
B,195.00862114538106,4
B,179.60041806427333,5
B,186.0446717569682,7
B,146.56232826279248,8
B,159.90925922429474,2
B,295.90499491262494,3
B,173.3818200066808,4
B,210.7442651425775,7
B,176.26742714547555,1
B,136.04664440768886,5
B,280.12109397524216,1
B,183.77331227159263,5
B,190.8475489438408,3
B,231.93279345517615,2
B,207.75753678864461,4
B,133.27983146072165,4
B,215.96329150234004,3
B,298.77595966662335,4
B,227.82950873934377,3
B,232.32973546530272,2
B,177.7370197197363,9
B,195.70131337446497,7
B,203.5714805958795,5
B,234.4087080310391,8
B,149.1952749222068,2
B,283.002519975,4
B,195.6110110784327,0
B,239.90926136709163,2
B,217.50095541816842,4
B,254.82307452653924,3
B,267.0775934178536,0
B,250.02957650630378,4
B,264.0293671077453,5
B,178.4939592535234,7
B,158.4777260557013,2
B,173.92852992213662,6
B,218.538208393811,3
B,334.78071314239486,4
B,203.36406182273637,4
B,180.58839961170946,1
B,239.15536455638704,4
B,231.91657784317906,3
B,73.43620964298164,6
B,267.9782906266522,9
B,129.96558350041084,3
B,212.0941673560991,2
B,150.0326612908284,6
B,143.9738963637553,1
B,273.7777182527673,4
B,176.8617669920158,7
B,220.46590138208978,4
B,218.09986746266122,6
B,175.07756714440086,1
B,261.96639034249796,6
B,204.571961697538,5
B,233.0136385564051,1
B,265.51932623684996,3
B,211.6338974696984,2
B,286.27212464400054,5
B,186.3863840063755,10
B,182.90321931672864,5
B,247.35732049042574,7
B,267.41878097021413,3
B,233.05733371766556,3
B,207.94030372722133,3
B,154.69701760104488,5
B,106.95778803690062,5
B,224.0347420856242,2
B,209.84061870686767,3
B,107.19485679474559,8
B,280.87693017567926,3
B,333.0830542593875,4
B,184.2425063897128,4
B,245.14135133607317,2
B,196.17185579735565,6
B,266.061127830219,6
B,166.59281148377133,4
B,192.55672586600687,2
B,235.52512123490646,4
B,241.45279030816542,3
B,203.9462682563764,1
B,184.5829499099773,5
B,58.07859979725373,1
B,170.53430309584624,5
B,343.4668759889521,5
B,214.90049741223947,3
B,230.94421477296567,3
B,181.5015757770732,3
B,197.36558780465498,3
B,227.96059399674664,2
B,239.606996305113,5
B,188.3765856437118,5
B,222.70546240657728,6
B,208.97188124579577,2
B,194.70792943534934,6
B,237.21626281061668,4
B,258.98537714581227,7
B,200.11839113680355,10
B,210.40129632497428,3
B,206.3197733040564,8
B,212.08630496157554,3
B,232.94711844075272,6
B,261.2923008059548,6
B,117.02389501835894,1
B,15.983470415436926,3
B,225.94823495566774,3
B,206.9908183101719,6
B,224.8400831526512,1
B,230.3441229465708,2
B,226.88709247900914,6
B,134.85470986037387,6
B,117.25659022273642,7
B,176.03587021291332,5
B,204.94421786354837,5
B,136.29744324060232,4
B,287.99783462443474,2
B,166.36472577295137,2
B,235.30960142394804,6
B,183.7381344191111,4
B,134.83647343287075,1
B,104.91566803438437,6
B,170.504680013132,4
B,192.34789672998582,8
B,219.53367598541243,3
B,181.65790219502378,8
B,194.70345210238605,6
B,97.86418497744009,2
B,183.86859118690953,3
B,216.67677759613662,6
B,183.020073051833,4
B,243.52391480703506,1
B,261.8365270842437,2
B,175.01042852551402,4
B,250.12395283174192,4
B,249.45059299695507,6
B,154.32573304495168,5
B,200.5865558899334,4
B,160.67298101985494,1
B,233.3543307049548,7
B,256.4795758814055,3
B,305.53802596911703,6
B,189.50054350976077,3
B,279.24028230578057,1
B,191.04110104476607,3
B,142.9815397895833,7
B,227.76465601491756,2
B,256.66034750660475,2
B,147.8018039175018,3
B,184.54310277590417,5
B,269.47507636941833,0
B,263.42762866218317,7
B,204.374506094124,5
B,185.06076682297288,9
B,262.96837509296944,3
B,148.47216328617904,5
B,222.16324885928347,7
B,133.99421172809744,6
B,202.24017019498885,4
B,204.8008233435303,1
B,177.55961358728632,6
B,134.3989714564362,6
B,291.9125014553608,4
B,133.21441370007284,2
B,205.2495864072066,4
B,201.34385845381198,1
B,191.70793745219464,4
B,286.4480765480862,4
B,205.3765064527079,5
B,276.74363264613925,4
B,127.07599507318261,7
B,139.06821568768146,4
B,209.9670006136112,2
B,289.434442084783,4
B,224.86933002715,3
B,222.77326668005767,4
B,187.88198149024524,3
B,94.24842167399873,3
B,205.91197345928882,1
B,267.14158543317274,2
B,211.01630413056188,5
B,264.1449620950244,3
B,202.95068013199972,3
B,223.7564665069024,4
B,274.3557159211681,7
B,127.3500874013985,2
B,188.29889051487396,3
B,231.67092265455483,4
B,235.91134788061555,5
B,93.41788106618674,4
B,202.46804659963962,4
B,240.78849723647664,6
B,349.86939993067483,4
B,231.4297721439497,4
B,199.75236481790068,5
B,146.03484474747685,1
B,230.02401226012208,4
B,176.52497981357635,3
B,196.56200476825668,6
B,210.99915052310024,5
B,208.42414020053204,4
B,182.04391795138065,4
B,213.1667389386947,3
B,268.25935997314764,8
B,197.9845223437273,7
B,247.86639567421773,4
B,198.9747806568354,7
B,214.41798236395132,1
B,216.72365090622563,7
B,210.67901903964693,5
B,194.4440315095425,4
B,246.43529825439026,6
B,205.60974393922035,3
B,142.27791967084028,3
B,145.03034879665438,2
B,198.53172393624757,0
B,175.2242425097008,2
B,149.21203999421408,4
B,153.40385596596337,3
B,226.1664472003223,6
B,168.40471795601016,8
B,326.59832759339446,3
B,95.2477047062301,2
B,242.42114203062292,6
B,139.15638073433368,4
B,231.00143567578527,5
B,117.44934970879012,5
B,148.2695244014734,3
B,230.75814506160808,5
B,222.20312221624093,2
B,146.1295255529954,4
B,234.8575980774874,4
B,173.43257868035369,6
B,278.50550774193937,9
B,286.67871039113015,3
B,222.05834444105147,4
B,212.2671000400816,2
B,227.52037372793788,3
B,213.16970739589206,5
B,171.92912275002308,2
B,125.19898486556087,5
B,209.77576084788737,1
B,199.7539569342587,6
B,140.09215946404245,2
B,165.65857855650955,6
B,238.8983551511351,1
B,230.2570125510975,4
B,217.54374510182208,6
B,137.61115406366423,5
B,241.68239785833714,2
B,248.3218334747254,6
B,193.98643874834792,5
B,256.65797774885016,5
B,181.17331640981692,1
B,194.80989086096403,4
B,232.26226587069172,7
B,241.16901306945735,3
B,222.31940435076297,3
B,177.5042160602609,5
B,243.48866333777175,5
B,312.4620306490141,2
B,234.1140746019633,3
B,141.95352891484964,2
B,257.816032104858,3
B,240.12829831385562,4
B,222.26487714845615,4
B,221.11095321551878,5
B,195.3729545605576,5
B,246.4862067572749,5
B,154.28873781319234,10
B,218.56591644360444,3
B,224.1548900719059,5
B,317.5211609070351,4
B,237.04319367644393,7
B,252.42875122705448,0
B,279.79751268188903,5
B,220.2239356440347,2
B,214.28300608315755,6
B,171.87935599821242,6
B,92.31691710139704,5
B,207.76236208274813,7
B,193.158359416853,3
B,211.60746579389556,0
B,197.7128626043594,4
B,186.4315976466233,6
B,341.1213169826166,6
B,182.7879008778298,2
B,185.60464656852207,5
B,225.6268586714588,2
B,184.09502295222245,1
B,228.17040751088268,3
B,272.6269608301726,3
B,185.78414526139184,5
B,223.36291652571722,0
B,199.73169445599808,7
B,162.5502325084634,3
B,117.8789001663503,4
B,217.01885981509787,9
B,92.5162895943126,6
B,167.5393014862005,3
B,165.33444543953274,7
B,237.40154009985275,7
B,132.1484656557672,7
B,224.78425335275458,4
B,229.63010156666527,1
B,153.63057480410154,2
B,233.53651425368247,7
B,243.56453686640975,3
B,217.16049592052465,3
B,127.2824921957845,6
B,282.8212632455452,5
B,206.7329090971013,4
B,189.90066502031522,9
B,183.53874740449197,4
B,199.27920311068215,5
B,179.50114276338746,4
B,97.09215902376746,6
B,182.40606197982305,7
B,256.1807642016328,1
B,178.73976067399187,1
B,226.99931466669653,8
B,156.18227016350923,2
B,218.5292118690197,5
B,218.61181709691863,6
B,310.8493621444675,5
B,233.3181039005288,2
B,264.9617527217303,4
B,161.6592554215676,1
B,190.71513083117824,3
B,240.47531125599397,1
B,133.375901464583,5
B,275.0347496648409,3
B,317.62600029339126,1
B,115.39407081730678,2
B,193.7730948194876,2
B,179.14434788268213,6
B,192.15127248367642,5
B,234.54936960347897,3
B,155.54312606264068,2
B,197.27472852036985,6
B,185.88147563531098,9
B,173.73477209380252,4
B,187.97282239391666,4
B,214.85023324117523,3
B,211.90579034934234,3
B,242.37625490387322,3
B,175.4629618205572,5
B,210.48216356993316,7
B,177.65676617262432,2
B,212.0277793952923,7
B,281.46243273825166,3
B,325.96847801793956,1
B,274.40254051765163,2
B,283.55980089685227,7
B,193.7096725635092,2
B,172.9024109866461,6
B,179.52346623980497,7
B,178.56997012668137,1
B,289.87304815622747,2
B,125.18575295507233,3
B,252.2788035918677,4
B,234.166205597468,5
B,226.8497611423373,3
B,257.5469968720855,5
B,198.25208414943347,2
B,180.28429720843025,3
B,244.43106898339363,3
B,287.49650696626225,4
B,280.3960164052578,6
B,126.98517474646088,6
B,271.1634440240005,5
B,179.03582131452848,3
B,118.07249186178134,3
B,139.48249105875487,4
B,164.7930323648333,3
B,216.01416497211068,7
B,174.47734067514466,4
B,276.9334650751305,5
B,253.62711425697498,9
B,170.77805334548404,8
B,174.45089404812904,3
B,195.2618725216053,2
B,287.24433657771385,10
B,248.40408930272747,4
B,147.64316452740078,5
B,192.00754175217295,5
B,123.00277555447087,3
B,207.94647030629005,4
B,285.0810560370021,2
B,126.17418293604808,7
B,232.98421734191123,3
B,180.46880816483292,4
B,117.13136658841604,3
B,211.31851782312094,1
B,149.09447747853872,4
B,244.12021270854294,1
B,277.9398053551013,7
B,180.50166504435,6
B,240.84839933449294,7
B,209.49249774905937,5
B,181.55523265778695,3
B,223.8208493338504,2
B,256.05843730799205,2
B,188.8904887218417,5
B,292.18546338450284,5
B,227.58578955670367,4
B,259.044586919685,4
B,207.5316118630289,6
B,234.60145232256048,2
B,273.2390211442923,6
B,163.46415115702104,2
B,256.2803888659291,7
B,253.29185030541393,2
B,158.94982531093902,4
B,225.895775037075,1
B,154.05225325486782,1
B,197.89855582693318,3
B,195.44722469195906,4
B,301.2734161094556,2
B,193.11410685262734,3
B,119.10333403512833,3
B,281.0683429810123,5
B,205.65128027245586,5
B,195.5616302400673,6
B,223.18673364158428,5
B,249.50290371328572,4
B,289.31947564024495,4
B,212.10403986301256,5
B,214.52822357410935,3
B,276.10338334131507,2
B,210.3189838277657,9
B,238.03345516569811,4
B,192.0804817948336,3
B,202.13260638895062,1
B,263.8397152885573,3
B,202.947277191881,3
B,191.76031699604238,5
B,169.79138061269953,3
B,261.4878258504235,3
B,103.16333715850435,7
B,265.87520128463933,5
B,224.31608105335096,4
B,198.32855862971408,8
B,157.44378977720083,1
B,259.21837536563623,4
B,175.49902991501085,3
B,204.5147958116325,1
B,234.17451443551016,2
B,232.9677988549186,8
B,168.94805274874543,3
B,253.60782700587265,4
B,208.3959670350293,5
B,227.37634523806688,4
B,174.37447999489515,2
B,157.1840930818404,1
B,217.79780898260196,4
B,243.00797239492218,3
B,159.35615380640482,2
B,151.60482967506627,6
B,178.3810232838792,5
B,231.5577401126162,7
B,164.01660354096862,9
B,197.71045233874446,5
B,258.02569306622,4
B,209.67454551880442,4
B,281.0929814252484,4
B,179.49878901905223,9
B,206.38147652317903,3
B,236.10415779419765,3
B,173.82700573616415,3
B,215.75011839411997,5
B,270.3569831169727,7
B,238.51091488530543,2
B,148.24028364615356,3
B,254.09516959682338,6
B,192.6826906627468,1
B,66.82044730214864,2
B,233.49454953495885,4
B,246.00688169235923,2
B,219.0830466408719,4
B,167.83233795260952,8
B,172.48071584061293,6
B,242.26723355416286,5
B,185.25126411993682,2
B,277.4223427218203,2
B,236.81334894860316,6
B,181.6923204811194,5
B,209.02233239351327,6
B,273.18968726650314,4
B,179.13044080013705,4
B,202.02634838429134,3
B,204.67263999564327,1
B,210.05262383095888,2
B,207.81116311251515,1
B,285.04216266135165,1
B,225.95291231346732,4
B,310.198392894088,4
B,241.79468949822362,5
B,252.47008868541252,7
B,172.1057498648572,8
B,172.17141567010808,5
B,171.036675247671,5
B,257.19628985545256,0
B,188.9672942215863,4
B,266.6180668209246,3
B,174.38985457174994,2
B,196.78796938698085,5
B,252.8194403333248,6
B,146.99392682255305,5
B,189.26876857110807,3
B,228.67285642374256,6
B,227.06494447837875,3
B,256.4423409017396,5
B,249.67349643325798,4
B,150.9329985937242,3
B,275.1577025547713,2
B,165.48195631313905,5
B,232.09470438157513,3
B,251.59948864808737,3
B,253.35924855725727,5
B,199.45351186487053,3
B,246.99465281810458,5
B,123.78430597478024,5
B,233.96297012165016,5
B,148.82430110007903,5
B,187.8793448593294,5
B,183.4422630341066,6
B,158.87711872124652,5
B,184.72642101549133,5
B,202.83350338997184,6
B,174.19994462708806,6
B,247.0914267344803,4
B,220.09836955985242,5
B,206.78148793445922,4
B,229.71792587035966,5
B,186.19949677429594,2
B,198.04593073558448,3
B,175.89437046135535,5
B,195.4630265446965,3
B,105.93244526462593,3
B,190.13931946417384,6
B,98.45835749341423,3
B,192.23804462209796,6
B,145.17290001756413,4
B,196.05916767767437,3
B,46.93525822818779,5
B,133.59310235975008,1
B,198.06715092053093,5
B,249.1488340570958,6
B,169.31702153817125,6
B,158.57689703727348,5
B,105.5469048952278,3
B,182.35562402445197,2
B,251.3403433660922,4
B,274.0991273134392,2
B,179.60546832661524,3
B,237.00253750329117,5
B,222.1303490172416,5
B,163.43346908193354,4
B,203.47595794542812,7
B,128.53444350824844,8
B,181.61594282886702,4
B,238.985731188731,5
B,277.5952957421444,2
B,208.21180369296187,6
B,207.662382206563,6
B,149.76841142171486,5
B,135.36635226184865,5
B,239.63005959531935,2
B,207.7168387633532,6
B,171.94144707534008,3
B,264.4524163000409,4
B,248.82691908953836,5
B,224.74749346676836,7
B,122.45623153928182,4
B,188.94709919413546,2
B,180.38221220858583,1
B,181.6963845982277,2
B,118.54468368175193,6
B,262.67967162046693,6
B,217.0402365943949,4
B,102.47086891854583,5
B,267.31234621215935,0
C,390.51196867064937,4
C,423.2998122689765,9
C,386.70332921262775,5
C,357.4154266276944,6
C,404.95405001225515,5
C,385.70543577380784,3
C,388.1345285061757,1
C,506.84565142649797,6
C,362.97648722885094,1
C,433.41608577028705,9
C,451.8978570824134,5
C,446.75964924039744,9
C,444.26761906022364,5
C,292.1399421185595,9
C,363.26494997667174,4
C,406.641664821146,4
C,451.23184806963894,18
C,383.5504075042935,0
C,438.74175745876545,8
C,435.616357528825,6
C,318.2146877060994,9
C,378.34095691088254,4
C,490.6434521940354,3
C,344.8653278321709,3
C,392.3553943248505,10
C,440.52836235101586,8
C,417.65041216976374,9
C,402.9023416744271,3
C,382.55762368482414,5
C,408.8457632064011,9
C,388.9203610334238,7
C,409.2164025715612,9
C,371.31632913911227,4
C,417.0328343282855,10
C,358.2170769656867,5
C,493.33663221258576,3
C,444.6006571360793,4
C,450.6608284224568,5
C,453.15728725121176,3
C,410.187508449937,3
C,363.1187428273935,6
C,384.6366202261516,7
C,460.57887461641354,3
C,469.43124811676336,5
C,310.7230427405768,5
C,426.29208607509145,4
C,434.5888930480331,9
C,498.46067201065364,4
C,391.83582031380394,6
C,419.4254201656819,3
C,387.3029981728235,2
C,374.557328466354,5
C,360.4275102879577,3
C,417.27770033681674,5
C,377.0111960567642,7
C,361.96606170907864,6
C,402.2604258795271,6
C,411.73658950351467,4
C,476.3469849641491,7
C,293.58377567821447,4
C,462.4564312921097,4
C,416.20904810006004,4
C,366.8819051743075,4
C,517.3367695789938,4
C,415.7040241191132,8
C,491.21441714109903,6
C,370.7409262163927,5
C,408.23865558378526,6
C,431.3332626428863,5
C,431.56468458068827,6
C,481.415940973117,4
C,445.12550948360064,4
C,449.9136375099339,3
C,388.59615851011444,7
C,394.06653501281005,6
C,378.044419622646,7
C,455.6435805227458,7
C,385.83242649770597,7
C,341.55919992106715,5
C,455.45458508825925,6
C,328.5463529505119,1
C,388.8029933612244,3
C,381.6910170716486,3
C,458.35920978005277,5
C,374.0999705349293,3
C,422.61916599856323,9
C,340.7776461549177,6
C,398.8373854429861,7
C,424.58159281247913,3
C,445.04548289794786,8
C,466.5490688929364,1
C,356.50049499574425,6
C,373.12484898538753,3
C,415.1717714908835,4
C,248.87190868732705,0
C,460.106287257401,4
C,457.3134765011729,5
C,377.9649175301197,10
C,378.28253910654496,5
C,293.26208579548324,8
C,425.2060180879274,5
C,397.3909921312476,4
C,389.90439337776064,7
C,386.37987937567505,10
C,377.7056060549844,5
C,460.7379298535427,4
C,322.9092471989474,3
C,446.94770625710555,6
C,409.9153652966288,5
C,363.19570926755796,2
C,481.99506998098843,6
C,298.59989619056796,2
C,397.15324557505437,2
C,288.65748795337004,7
C,380.64910393455233,1
C,358.98891779752387,3
C,456.5201833629036,2
C,528.4812021956025,9
C,492.7875811138868,4
C,395.87794227741847,7
C,331.97630500299476,6
C,391.3176157196368,5
C,381.68484876595045,8
C,374.7579603036744,10
C,415.13202299416423,8
C,314.454594759743,5
C,406.09679352274986,3
C,456.08365733742016,5
C,396.0405016526127,2
C,424.7727751602237,5
C,465.6001585436197,4
C,329.5660755750367,4
C,406.65897790655197,8
C,333.87972598755397,1
C,416.1297966563728,5
C,374.49958408448174,4
C,400.524887439462,4
C,426.58257549543464,4
C,328.8947061900239,3
C,411.92815831033954,8
C,406.2627034224441,4
C,481.0242028844275,6
C,472.8187165617431,6
C,399.2865740766496,2
C,380.552903776681,6
C,468.5402838039205,7
C,394.0352947176577,6
C,433.6376994220845,2
C,449.77809838487644,6
C,416.41926325686757,6
C,469.77447471987193,6
C,370.5175337636081,4
C,372.39791576917276,9
C,308.43266519264364,9
C,403.1488202720378,4
C,367.0356814263462,7
C,318.144041298979,6
C,416.6889445614797,4
C,377.2424778800293,5
C,346.71270714504413,5
C,378.647629170699,8
C,409.3915967696055,7
C,349.8193998841293,8
C,379.74435754380113,2
C,518.7443193140696,6
C,455.18868326297974,1
C,408.7224449802206,4
C,412.1409272672926,4
C,476.13417493257197,3
C,496.1092204938218,2
C,452.17058066145944,4
C,383.5179583501766,6
C,372.67973710612455,4
C,356.0291577368473,4
C,444.65456549376836,1
C,402.0863921117159,2
C,375.32526525017073,2
C,420.58164380056445,10
C,339.3093015122218,8
C,457.02507951031913,6
C,360.493719658648,2
C,419.77509964178523,8
C,434.35869852302653,7
C,352.45326015919903,2
C,403.57030533995794,3
C,457.73452398255154,3
C,355.608312318234,6
C,367.7055327403641,7
C,392.10255577869987,7
C,341.33371494138373,2
C,411.9814986183578,7
C,538.9198419346732,4
C,473.3946381726793,4
C,355.3120612562366,4
C,467.1218547915461,9
C,291.5201762059289,4
C,319.75498486780697,0
C,413.9429237081324,5
C,416.9864043108859,6
C,440.7208391910157,2
C,406.800978510573,4
C,376.5588239130266,9
C,423.8963653385887,4
C,392.2903641360611,4
C,303.18672507357445,8
C,380.49499807921154,3
C,311.2322660096338,3
C,415.78100324260487,4
C,380.19392477236187,4
C,353.875855862737,2
C,474.3669281662793,4
C,485.02774087022976,5
C,394.2974012073549,7
C,368.18648933197505,8
C,433.48106258730843,4
C,351.4148929138397,4
C,372.160724956153,4
C,399.28336401307723,4
C,433.41416078678947,3
C,330.5931281308941,2
C,350.71189681485976,8
C,388.3352867325899,5
C,422.8217164062935,4
C,461.526336703034,5
C,418.83694795927886,10
C,359.2330955022996,3
C,392.41368389494664,4
C,429.4587859986062,3
C,367.6583677196451,4
C,423.9040884839984,7
C,311.0278045778594,4
C,415.93104760917396,2
C,353.87716513420577,8
C,425.7258723771129,5
C,423.2933782930027,2
C,407.5128356253063,2
C,344.61751593906445,5
C,432.0454202258524,2
C,433.5196123780207,5
C,400.7398533123454,8
C,424.4132172317602,4
C,327.4275433084707,3
C,343.6184396594611,4
C,420.5431998590126,6
C,475.838283567612,2
C,415.0700025450746,8
C,507.604346486478,7
C,438.0902668442578,5
C,348.61140444905067,8
C,360.4039099081436,6
C,474.83172071798083,7
C,402.89014947436885,3
C,386.4884236919467,7
C,384.0751297635352,4
C,377.1097784683134,6
C,408.1072934108185,6
C,361.9621914593307,4
C,483.9143893804061,1
C,444.0348706478246,5
C,349.71928079157817,4
C,416.5058132269632,2
C,447.7633616540552,5
C,396.55958108446225,3
C,446.7704017925664,3
C,413.8531985887181,4
C,358.3958596360717,6
C,350.37329432976264,5
C,318.60635817778797,6
C,356.76312143485825,6
C,344.4973348014896,6
C,470.5517498149891,4
C,359.1694747288129,5
C,309.6265252489753,11
C,462.82470136165364,5
C,412.82036780606575,7
C,391.152045346659,10
C,243.73071225043225,3
C,401.1523617740772,4
C,347.5964356895899,3
C,394.960555596051,5
C,322.25138477528435,7
C,316.9635943205617,4
C,377.0757521736086,1
C,364.7667135666072,5
C,421.0313551505591,2
C,356.45217172079873,5
C,386.85285261995847,6
C,375.39843161270477,4
C,416.50055997840116,6
C,427.71859671636304,1
C,369.1860538253416,4
C,374.24688643690274,6
C,343.72729000172745,3
C,408.8388571753382,5
C,390.37226010935143,2
C,417.98177115837103,4
C,430.2618040564212,2
C,336.5122392148454,6
C,330.31378882703757,2
C,349.7689884847395,9
C,474.5236132707802,3
C,401.66935898376556,5
C,399.7501070460598,4
C,408.83371504611824,4
C,296.72713056771704,5
C,317.82563712808405,3
C,400.3230712786602,6
C,415.4878489230155,6
C,331.61700894343346,10
C,450.8123980663124,3
C,349.8969682074557,9
C,430.1853003588241,4
C,428.91065248091064,10
C,420.6598737931262,5
C,406.9517109188543,6
C,315.7481367563193,5
C,447.86433154452317,5
C,386.9140076318283,2
C,383.49613024475065,1
C,328.92095719463134,4
C,477.9759217017222,6
C,341.45330031526214,8
C,371.71148444461255,7
C,401.42878004769136,3
C,411.89863128812755,8
C,368.5092012262524,8
C,384.9500505764902,4
C,394.1238703550435,4
C,450.3878915386384,6
C,374.31471272496594,6
C,375.7231475141647,8
C,405.383104475331,8
C,420.61923240873307,4
C,424.798316660074,2
C,476.155781711381,8
C,532.8974881172946,4
C,437.42870443837637,5
C,475.008639691543,6
C,421.38028742171235,4
C,395.6316408444752,5
C,440.966344907369,4
C,415.65344517206546,4
C,406.35904520395314,4
C,375.6221097048571,5
C,424.647073015565,4
C,419.0942429126262,7
C,404.911050423504,4
C,393.8359413128473,2
C,378.9234403585889,2
C,410.45216508551323,3
C,443.3248248256491,9
C,321.55911051470514,2
C,387.5796246532056,4
C,427.3326099955914,7
C,397.92621137076463,4
C,387.73030080067366,9
C,377.91396616388676,7
C,464.57632206055933,8
C,307.61407402590476,3
C,321.0601651300192,8
C,419.46978623637625,4
C,393.1611144976141,6
C,455.45557858786333,5
C,453.47644043836436,5
C,410.2904003914923,5
C,407.7991619765052,4
C,415.8970598255104,4
C,368.87509276944814,7
C,352.0525941997564,3
C,376.82970476291416,5
C,294.18532844634615,3
C,379.0404008604612,4
C,389.5591946478057,5
C,333.14263251949296,4
C,428.4502719901859,5
C,340.9675767830938,8
C,463.5068164499709,8
C,265.3507955653765,3
C,337.2660874671832,4
C,398.4401011156633,4
C,408.3686082895849,2
C,277.5097044386854,3
C,409.9157186937995,5
C,313.5655969901562,4
C,311.01795840751856,3
C,420.46417715341397,4
C,348.5513956365474,5
C,313.4914204140236,7
C,444.99576601498046,7
C,413.62878820204475,4
C,290.3919295030712,6
C,485.0273710686957,4
C,420.41212832023376,2
C,442.85985682952145,5
C,391.5984996019832,2
C,454.7884174436033,8
C,410.72980330450315,5
C,429.31115609478564,3
C,409.881452968224,7
C,399.46021553762836,4
C,328.82716370218395,1
C,369.70103909707854,4
C,330.65466927100414,5
C,483.4032559489847,9
C,343.79553980230577,4
C,410.52440518237853,4
C,497.0515953551044,4
C,390.5848986409011,3
C,363.7520731030696,7
C,363.59794382015207,6
C,443.91401925285436,6
C,357.38305422563593,7
C,450.4228366184694,8
C,393.7061331837718,5
C,386.0434129567594,3
C,391.9231247784832,7
C,373.0676217208855,1
C,440.3397041486386,3
C,412.9520644485936,8
C,340.8200972144165,6
C,298.50848644285907,5
C,357.89734302218284,6
C,430.06585558025506,5
C,413.19586044481383,5
C,535.669704381453,4
C,410.6387318639544,3
C,394.0782591878401,2
C,456.35479755687436,5
C,436.8557125161197,9
C,431.5915774750577,4
C,468.67473684629465,2
C,311.77672725734783,5
C,458.80395196652466,12
C,374.3556126762537,4
C,328.04038639652987,8
C,364.85824786587295,6
C,403.2317664332796,5
C,387.4680223949138,3
C,509.21132311812363,6
C,443.25026666318496,4
C,433.83803828575384,5
C,430.6354759846169,7
C,381.7888578090238,4
C,357.85820468714803,9
C,408.2449931821401,5
C,371.6096720544723,8
C,423.6235181706255,7
C,374.88084235853,8
C,487.83213583397713,4
C,416.35591157726014,3
C,414.0369875800403,8
C,389.2959670292711,5
C,445.9489541001899,5
C,402.91022426643036,9
C,434.3921262584965,7
C,461.51937570884303,7
C,414.83816731794593,2
C,418.3647387825069,6
C,356.50174313495364,3
C,326.3608204529838,7
C,327.87169882962075,11
C,403.260799569199,6
C,368.6309958324936,2
C,437.30317841386176,4
C,410.5598170224781,3
C,339.33984870148214,8
C,361.7687498838132,2
C,445.1440355652385,2
C,432.71596143021907,5
C,277.5874889482034,6
C,457.8525201314221,5
C,479.46427375122425,4
C,352.07687753159064,8
C,354.36363562887215,3
C,397.9565921141099,5
C,381.35412251384713,2
C,461.0464398072781,4
C,384.3092551168258,8
C,407.33960548949256,7
C,531.1938052450197,3
C,459.57670519390007,9
C,501.81691135627125,7
C,461.9836907042258,5
C,444.8351276357973,7
C,438.9812820247544,4
C,389.0908016265183,8
C,388.69134119996653,5
C,337.6226258818215,4
C,385.4542068190775,5
C,461.1401989589361,5
C,519.4702557602548,8
C,252.06172288470987,2
C,505.46108105950134,4
C,325.70247417271474,4
C,443.64061675193886,3
C,396.5171455893028,2
C,374.97283301056103,11
C,487.1723587656661,4
C,372.82947854221015,8
C,495.3800107982451,2
C,431.3560218275748,5
C,467.5983970543905,6
C,412.72720186538095,1
C,456.32917293924686,1
C,408.99356543549186,1
C,425.1063742352331,5
C,491.70226625622394,9
C,459.2405559604081,4
C,486.91850436651464,2
C,420.98887342525563,4
C,418.60374510349914,6
C,361.200070315312,9
C,404.821047384427,1
C,412.369736797109,5
C,331.499111300016,1
C,425.8938109758981,8
C,376.546842545961,6
C,463.6861233241398,4
C,326.7596905371439,4
C,398.153265860179,6
C,370.4983152453053,7
C,414.12013861514765,4
C,432.01882958011555,4
C,434.1109470065687,9
C,392.214654980609,9
C,360.3319435755458,2
C,354.65509747162685,7
C,394.27743277181037,3
C,325.5004839570904,3
C,367.82397341668525,5
C,372.5973191402203,4
C,438.2424431875868,3
C,435.31653124416954,3
C,453.39519174839165,1
C,336.01652673145065,4
C,405.7350185496772,11
C,451.20605678792924,3
C,354.79115792490626,3
C,411.65271677864416,2
C,455.40657280497715,6
C,379.7657819593975,5
C,367.8882459147389,5
C,438.865650889431,9
C,330.50973649233856,6
C,331.18797507196075,4
C,392.8077552798368,2
C,427.8016560998197,3
C,420.9023017187394,4
C,458.5037485685323,6
C,391.95379212492736,6
C,352.2975937658021,9
C,324.2980476461544,5
C,377.6306206726353,2
C,483.1636970395076,5
C,495.62853323999116,3
C,289.21520616277064,3
C,468.2499050730031,5
C,448.9521215742717,7
C,415.5051211589074,5
C,474.7423827673278,5
C,417.1606786253965,3
C,410.9637374029733,3
C,417.97624387229257,3
C,371.8308092390867,9
C,408.55781655834136,5
C,435.35746914475055,8
C,390.5501511315717,3
C,303.73730726173073,2
C,418.29699199467734,4
C,315.0085640695366,3
C,436.2812353917425,11
C,432.91472088978793,1
C,402.67754372013707,5
C,446.94428886424384,6
C,424.8846688647884,6
C,408.5930691115777,9
C,374.36903933986633,6
C,375.7816076933117,3
C,366.01988804633703,4
C,378.6190221091931,4
C,454.62784574130717,1
C,379.94210229938875,3
C,354.2980734389556,2
C,367.1027536045516,5
C,430.5915905276541,6
C,318.810815961676,7
C,354.5592515391852,4
C,317.8498247477901,5
C,305.5625981079462,3
C,402.9443821672418,4
C,433.26595413468596,6
C,340.07866303386163,3
C,452.2181393329783,9
C,463.72750036867757,4
C,378.3070268174947,2
C,461.1394238499644,5
C,319.2813406105075,5
C,426.23830313820525,11
C,395.907275581266,4
C,493.6267152607061,4
C,311.57275020563395,5
C,393.6683341105538,5
C,406.519656251694,3
C,407.54992494831157,6
C,378.80555527058215,5
C,476.6963705675844,4
C,401.5328476938959,3
C,407.64549175093487,6
C,381.0608813438448,1
C,373.97954830059143,7
C,443.0194471968494,6
C,496.6546991833129,6
C,477.3676018744659,12
C,355.31931731005,6
C,373.0609698392024,9
C,423.1263179095893,5
C,319.27073289541545,3
C,372.5386925166239,3
C,362.8173164944147,2
C,416.971956687545,7
C,410.44343020499315,4
C,406.80487524866595,1
C,356.225342362279,7
C,532.7924487903416,4
C,377.7438648083235,6
C,391.1006600924502,6
C,331.1019540123339,4
C,367.89682008994225,5
C,426.1995393484125,4
C,450.2533611450719,7
C,286.6591385589085,4
C,351.40893020179305,4
C,451.9108859758393,5
C,364.1263198311692,4
C,385.41006522642,3
C,352.2680319888129,6
C,367.1524757549437,6
C,342.98519539965736,7
C,414.9469668133949,4
C,325.84331303152294,4
C,469.05664983116424,6
C,451.95272400534344,4
C,444.9485336856885,2
C,364.25553044183744,0
C,345.6654341990415,3
C,319.46223859597626,4
C,324.32052037940866,4
C,415.9795867342929,4
C,377.90546879832795,7
C,331.2687645529675,1
C,430.4215017377015,3
C,323.1939387245913,2
C,362.0078904825712,3
C,412.32528726729237,7
C,393.48015740419345,2
C,420.9836169506184,7
C,326.6226776546233,6
C,423.74238085746856,3
C,435.4921297994714,3
C,385.47127746245917,6
C,405.32939714355547,9
C,332.69507626309996,10
C,468.27562480352935,3
C,372.44887512748045,7
C,376.71840149047557,3
C,480.38161072912845,10
C,348.1417732889218,3
C,402.0969852607859,3
C,397.68752978508854,2
C,446.8647843893295,2
C,369.0892678040271,5
C,454.91761209486776,4
C,352.952081927219,10
C,407.8696794477758,7
C,359.14452526993625,6
C,339.43712479084684,3
C,366.3863937343797,5
C,411.39173519604697,10
C,354.87443605230044,5
C,303.2175866424109,3
C,361.5983805764348,9
C,420.61839454608,8
C,326.36604980696825,3
C,409.4631872763436,11
C,385.3286736853785,1
C,378.68422537754026,13
C,437.8962559738954,5
C,357.83695142227526,6
C,371.0359663269419,3
C,386.64225560751004,7
C,385.5653225132141,6
C,396.0829020112703,5
C,311.592982236792,8
C,391.6951463819882,4
C,481.1057278178607,4
C,461.28533426442635,3
C,436.6279862119948,7
C,271.05847119992495,4
C,392.39818908209395,6
C,410.06693727087924,6
C,417.5611132374347,6
C,438.2018886007482,6
C,406.581939326171,7
C,296.19773081435267,8
C,394.3613577199938,5
C,441.866205850256,2
C,387.0156108491763,7
C,432.61254750041326,5
C,424.36781566391727,6
C,332.9936289902552,9
C,413.0606665499478,5
C,334.0333984288404,6
C,324.9677321949508,3
C,419.0323788726366,5
C,442.1288507981631,6
C,373.1979950876966,6
C,492.61062376319705,8
C,444.1748003797629,3
C,310.7819696365827,7
C,352.0331887579701,4
C,360.42897064211104,5
C,444.79795147464347,1
C,339.03750637133857,5
C,367.8781774174465,5
C,398.26382978023537,7
C,412.0580630703499,5
C,451.17110197096827,3
C,397.3416415728744,1
C,397.9013662545604,3
C,475.88944628668025,6
C,381.04480948952227,3
C,323.05814885982136,5
C,377.35227335389857,3
C,433.69379562994743,10
C,342.1886510039324,5
C,358.9072828430543,4
C,326.1149583099227,4
C,423.79188886077293,4
C,375.9117086169243,2
C,382.51453756823287,5
C,308.09680114927403,3
C,370.4237893853763,2
C,362.5509907263158,4
C,436.30959907299945,9
C,254.26258185645443,6
C,378.89033093827146,5
C,399.56566508118027,7
C,442.10301567410795,4
C,355.0907799656198,1
C,455.6150811475757,6
C,465.4887713315225,5
C,402.447400640693,1
C,527.3208111839547,1
C,459.13066428678144,2
C,461.30657432697035,4
C,376.88741294683007,5
C,396.24625925271084,2
C,453.78212009917115,7
C,385.98667900583166,3
C,398.8741411925078,5
C,455.14090159127375,6
C,420.2510547682981,8
C,430.16833398463336,5
C,360.0947110535717,4
C,351.04122921200207,4
C,445.0182776576198,2
C,298.64744558486757,5
C,443.1570125262102,4
C,342.05942773646365,6
C,504.2978960595116,5
C,397.9623859718315,8
C,426.1582385449395,5
C,456.8965174069356,4
C,402.5358843607819,6
C,328.10357914162523,3
C,437.3890187156067,8
C,386.2409032614829,9
C,469.4911101065512,2
C,439.7375041704721,1
C,427.19259784185454,3
C,318.39167720882756,3
C,333.53018181265355,8
C,409.834427529538,7
C,422.7163565628602,6
C,370.5776805156436,5
C,314.61297305179573,5
C,427.47617407194775,6
C,447.4143451820511,5
C,367.4912999399713,3
C,412.05798307466284,7
C,406.9897211628921,3
C,293.3262832480664,8
C,417.3936695894551,3
C,396.6517742385174,3
C,376.12459606066636,4
C,340.6135510260566,1
C,408.13227219277144,4
C,333.4570561595938,3
C,336.14045368619304,9
C,405.18008981550753,9
C,393.4407721523958,6
C,398.14673682108594,4
C,405.60756732797165,2
C,424.40304776222956,7
C,470.1237104726547,9
C,374.66011350996234,6
C,344.5761826237009,6
C,417.36168298720685,4
C,317.45036460657786,5
C,445.1201087437934,7
C,329.7621522813798,15
C,402.5880069086777,5
C,329.99631336166624,8
C,482.5291304182505,3
C,455.659908142849,7
C,355.3098744521538,2
C,398.6777944494396,6
C,424.60397725429505,5
C,445.3455173841986,5
C,381.71116839690006,3
C,342.05672328206043,3
C,277.76924112278317,8
C,373.61039791755024,2
C,371.34031310210736,3
C,330.6659305771926,3
C,337.1025804695959,8
C,486.1670370288091,7
C,408.51111054783945,3
C,390.16325347439675,5
C,394.8491718572923,3
C,426.40372360980393,4
C,303.0033776809773,1
C,455.58947261167987,8
C,372.99563882806245,3
C,353.12375682907884,8
C,426.45857865891213,10
C,354.55952516414135,4
C,415.662979175596,3
C,380.3240345732687,5
C,378.62792943866907,4
C,414.82494629087483,4
C,438.1171017296498,3
C,436.42043491129203,2
C,396.53817784104535,9
C,522.3571258277672,5
C,484.05006439580256,1
C,395.46383451773903,11
C,416.56160635761205,0
C,452.59956867392424,5
C,356.1780340054746,4
C,425.3192844031267,7
C,464.9752477110242,5
C,361.3264703776693,5
C,472.42210966622616,3
C,399.1357979082249,5
C,361.95449886122174,6
C,376.68481735986825,3
C,273.2026232984028,5
C,407.3229357194314,6
C,340.68206673738365,5
C,385.0479312661431,6
C,407.28143611388435,8
C,452.2110151963594,7
C,442.67671271019907,5
C,370.10880083328044,6
C,331.97933173297065,3
C,407.1467970375058,7
C,401.69272712282924,4
C,423.36794592847065,7
C,376.83401838380576,4
C,389.86138513577953,2
C,410.364947307968,5
C,429.5447970758121,3
C,397.1318065078881,6
C,395.57707113574367,3
C,395.26276618718566,3
C,488.8703137336484,4
C,385.3390414986049,7
C,469.28812406078293,6
C,317.65215242774286,1
C,339.2402179669386,4
C,417.52614306297556,5
C,324.9280262347146,1
C,387.2670077761056,3
C,486.22481551212474,2
C,392.82836950098346,4
C,457.0588333220902,6
C,330.4774733743652,4
C,466.61074262072316,9
C,394.22993349921455,8
C,439.48247898910967,3
C,342.6304968734613,2
C,455.0065900566884,3
C,434.03484396246427,4
C,434.0861306208628,9
C,357.3308057355146,9
C,437.88092805908707,3
C,347.9608733377275,3
C,434.12591903862835,3
C,358.46855930352945,3
C,444.3254596627989,6
C,427.6675794157916,3
C,417.50304905455437,2
C,335.9409736257311,9
C,390.65853730711456,0
C,363.28814143607127,5
C,422.3977132630807,4
C,453.51040680503866,5
C,388.34913578279816,6
C,378.14365058070115,4
C,437.0998327378014,2
C,361.2418645261173,5
C,395.83980634087726,5
C,357.7791165231347,1
C,362.9934012836555,9
C,386.5622358787135,5
C,438.61374977882383,6
C,392.36733480801536,4
C,394.4405815784042,7
C,405.407918191529,2
C,305.8765558450769,5
C,415.31015373576577,4
C,347.7214170751373,5
C,439.48907867150785,2
C,371.6191654212364,9
C,354.6677535241059,7
C,335.3868856763187,5
C,402.1495732198031,9
C,371.54062852645757,3
C,343.60957560720357,5
C,477.2933760057857,6
C,372.74700925657555,5
C,392.34354107251835,6
C,401.57217031575215,3
C,416.98815518298807,4
C,430.7928413210582,5
C,417.30532785087513,5
C,344.3249531971958,4
C,414.66285926986706,11
C,381.9335665837285,6
C,478.0077200961245,4
C,378.5534778454405,5
C,419.61722761223535,2
C,407.9046810362896,3
C,370.0300357574994,7
C,354.6568126759175,11
C,456.4887460834184,8
C,300.51070841475246,6
C,348.32449514281825,5
C,467.0554665097022,5
C,374.3250007285716,5
C,400.3869179442471,5
C,389.17529544583493,3
C,345.847557517722,9
C,393.21465922752213,6
C,400.4621774819572,7
C,453.15708671020144,1
C,392.6724120073294,6
C,266.71693772455495,6
C,455.39502768030036,2
C,388.33865179761415,9
C,411.3964917204415,5
C,451.9544667887444,9
C,371.28006096425605,2
C,437.2935033595253,6
C,455.4941286838855,6
C,378.3065953399054,4
C,410.96538921882984,4
C,374.12082709355616,8
C,461.0381253582808,3
C,255.64967547202872,4
C,368.4668745001521,4
C,424.8134677719126,2
C,309.7809564114424,12
C,365.87002873669564,5
C,457.28280667288027,6
C,391.5943587481908,3
C,385.7043642327272,7
C,377.70346140947584,9
C,349.59793036357667,13
C,353.9323006006799,3
C,368.5088962968917,4
C,402.1069362913482,7
C,343.48941664429526,4
C,392.1333538262443,7
C,405.04312892941107,6
C,484.0561125752532,7
C,402.0035854281424,3
C,400.10507844207467,10
C,426.9174608945395,5
C,451.9443135864931,6
C,490.3090050839128,3
C,439.0602382985231,5
C,378.14876873240104,5
C,373.85830307076037,6
C,379.0929853017163,5
C,426.71469635093854,4
C,396.5262306834541,1
C,344.65695727216814,1
C,381.67665533704155,6
